cer,file
0.4337797619047619,decode_en_word.txt
0.714781746031746,decode_en_phone.txt
0.43998015873015867,decode_en2_word.txt
