cer,file
0.8601190476190477,decode_fr_word.txt
0.9057539682539681,decode_fr_phone.txt
